"mz","into"
56.943154309827,9711833
72.9378537508032,12681117
90.9482756319434,2845420
97.9695628978724,2226494.25
113.963396404496,27698974
131.974674650793,4356090.5
